id,name,lastname,price,flycode,typePassenger,statusFlight
1,Evangeline,Boshere,78723.26,NB4294C,EconomyClass,ATERRIZADO
2,Jenilee,Brammall,88467.14,JE8381H,FirstClass,ATERRIZADO
3,Symon,Jorin,26094.63,XS8750K,FirstClass,EN VUELO
4,Vallie,Jouhan,68405.48,JE3297X,ExecutiveClass,EN VUELO
5,Cass,Yendall,7659.59,YI3794C,EconomyClass,DEMORADO
6,Wynne,Layburn,96411.76,ZJ0550L,ExecutiveClass,EN VUELO
7,Nathanial,Littleproud,47358.81,LN9777C,EconomyClass,EN VUELO
8,Fay,Pisculli,50762.62,MQ0984X,ExecutiveClass,DEMORADO
9,Eadie,Greenside,20459.01,WP3897P,FirstClass,DEMORADO
10,Inga,Mattedi,54361.14,NY4412T,ExecutiveClass,ATERRIZADO
11,Austin,Wadlow,78798.46,DY3989E,ExecutiveClass,EN HORARIO
12,Meta,Wellwood,90518.48,HM5639Q,EconomyClass,ATERRIZADO
13,Reinaldo,Mallinson,58019.5,LN6065P,EconomyClass,EN VUELO
14,Rodger,Stodhart,58002.25,RP0577G,ExecutiveClass,DEMORADO
15,Jonis,Ciccerale,71714.24,ZN3413U,EconomyClass,EN HORARIO
16,Benedicto,Daldry,34425.56,JQ2265G,FirstClass,EN VUELO
17,Jermain,McGraw,92864.02,HS8149D,FirstClass,EN VUELO
18,Melesa,Sterke,30307.1,DS4214L,FirstClass,EN VUELO
19,Fancie,Pillman,51462.76,GY7310C,ExecutiveClass,ATERRIZADO
20,Rhona,Butterly,87173.19,LV4853U,FirstClass,EN VUELO
21,Chelsey,Furlow,56836.17,UR3932D,EconomyClass,DEMORADO
22,Flore,Grebbin,92814.5,JY0301X,FirstClass,DEMORADO
23,Herold,Smart,30773.74,KC0342S,EconomyClass,EN VUELO
24,Kathe,Maguire,57323.47,CJ4431R,EconomyClass,EN HORARIO
25,Tessi,Fogden,48284.57,LD4083U,EconomyClass,DEMORADO
26,Clarke,Lattos,67233.45,QY0070U,FirstClass,EN VUELO
27,Olenka,Scamerdine,49490.47,VZ8902R,FirstClass,ATERRIZADO
28,Victoria,Solesbury,82226.3,QV6114R,EconomyClass,DEMORADO
29,Bayard,Timmermann,27994.51,KU2412J,ExecutiveClass,ATERRIZADO
30,Chiquita,Massie,8577.71,GW0159D,FirstClass,DEMORADO
31,Alice,Spain,54080.64,JD0846I,ExecutiveClass,EN HORARIO
32,Laura,Mollnar,58654.93,GF8783A,EconomyClass,EN VUELO
33,Otho,Poynter,19579.2,QX9617L,EconomyClass,DEMORADO
34,Claire,Bonn,79804.01,FB4800S,FirstClass,ATERRIZADO
35,Zulema,Ashforth,23633.47,RQ2900Q,FirstClass,ATERRIZADO
36,Gav,Alberts,91795.0,CO9877F,ExecutiveClass,EN HORARIO
37,Rodger,Legat,67905.94,PH5823E,FirstClass,ATERRIZADO
38,Katinka,Andrassy,89998.24,EZ8325F,FirstClass,EN HORARIO
39,Birgitta,Daffern,20227.32,LY0267M,ExecutiveClass,DEMORADO
40,Davida,Tallon,93724.56,PW0589K,ExecutiveClass,DEMORADO
41,Stanton,Fifield,72158.6,YG0249D,EconomyClass,EN HORARIO
42,Julius,Wroath,71753.13,IY9575W,FirstClass,DEMORADO
43,Edita,Macartney,91075.3,GW4852Y,EconomyClass,ATERRIZADO
44,Caria,Rockingham,7990.84,AL4119T,EconomyClass,ATERRIZADO
45,Ardelle,Wetherick,73460.61,XZ4381F,EconomyClass,EN VUELO
46,Daisey,Drillingcourt,20473.66,VI7713H,EconomyClass,DEMORADO
47,Brendon,Stanesby,24159.51,FK8621F,FirstClass,ATERRIZADO
48,Egan,Brooking,92034.04,ZQ8085Q,EconomyClass,DEMORADO
49,Emmi,Copeman,48196.9,CD3526S,EconomyClass,DEMORADO
50,Florrie,Dunkerton,82565.73,QQ6977T,EconomyClass,DEMORADO
51,Feliks,Nemchinov,48980.29,IB2981L,EconomyClass,DEMORADO
52,Kial,Cage,90963.02,SC2821Q,EconomyClass,ATERRIZADO
53,Zola,Lincey,89945.6,YQ7077C,FirstClass,EN HORARIO
54,Jocko,Bison,95722.98,HF0633Y,ExecutiveClass,EN HORARIO
55,Pooh,Rosborough,81300.71,DY7168U,EconomyClass,DEMORADO
56,Andie,Meecher,80026.44,RS9503I,FirstClass,EN VUELO
57,Ericka,Braemer,96028.48,GE0829M,EconomyClass,ATERRIZADO
58,Helenka,Giff,14555.98,XL7964Y,EconomyClass,DEMORADO
59,Vivyan,Janata,99432.94,AT2393M,ExecutiveClass,EN HORARIO
60,Thekla,Toulch,36659.4,IV2981T,EconomyClass,ATERRIZADO
61,Car,Dogg,29222.81,QM3426J,ExecutiveClass,EN VUELO
62,Bartlett,Hixley,91228.49,RY6306X,ExecutiveClass,DEMORADO
63,Kerwinn,Boxer,53978.67,ZM1133P,FirstClass,ATERRIZADO
64,Phylis,Jordanson,42465.07,WF4117Y,ExecutiveClass,EN VUELO
65,Cora,Le Fleming,32269.42,GN3377I,ExecutiveClass,EN HORARIO
66,Sydel,Fairfull,71565.81,YO9754R,ExecutiveClass,EN HORARIO
67,Lindsy,Airy,53277.34,RT8640D,EconomyClass,EN VUELO
68,Dulci,Gaitung,50389.27,OM5797H,FirstClass,EN HORARIO
69,Pebrook,Balchin,58208.38,ZC3655P,EconomyClass,ATERRIZADO
70,Michaela,Filby,64208.43,LL5115I,EconomyClass,EN VUELO
71,Rosette,Pickburn,52379.02,YB6875Y,EconomyClass,EN VUELO
72,Davina,Stuart,14289.84,OC9885Y,FirstClass,ATERRIZADO
73,Alvy,Carleman,14383.51,HK2082F,EconomyClass,EN VUELO
74,Yuri,Meiningen,44741.54,FR8827S,FirstClass,EN HORARIO
75,Merlina,Pimley,31027.62,NK5151G,FirstClass,DEMORADO
76,Kalvin,Baudassi,79447.43,PF3592K,ExecutiveClass,EN VUELO
77,Katya,Niaves,77528.27,AB1854X,ExecutiveClass,EN HORARIO
78,Matthus,Clacey,60446.4,EX3026S,EconomyClass,EN VUELO
79,Roberta,Kermott,93655.53,CD5488P,EconomyClass,EN HORARIO
80,Normand,Tym,89017.95,VK2975Y,ExecutiveClass,EN HORARIO
81,Ringo,Kennham,50324.65,YT0034Q,ExecutiveClass,EN HORARIO
82,Cathi,Gaisford,95691.61,PE5941K,FirstClass,ATERRIZADO
83,Leonore,Curzon,43845.88,RZ5871N,EconomyClass,EN VUELO
84,Vasili,Lydden,67323.83,SZ9378K,EconomyClass,EN VUELO
85,Marni,Snook,56477.18,TI4566L,EconomyClass,DEMORADO
86,Loretta,Fellibrand,16147.73,KI6610A,EconomyClass,DEMORADO
87,Scott,Bass,82079.31,CU4201W,EconomyClass,EN HORARIO
88,Rosina,Galpin,61935.25,OX5643G,ExecutiveClass,EN VUELO
89,Cassandry,Halstead,63782.61,CJ9432K,EconomyClass,EN VUELO
90,Reinaldo,Caizley,82999.3,HS1026H,FirstClass,DEMORADO
91,Paige,Eivers,49897.93,NJ5684Q,EconomyClass,DEMORADO
92,Meryl,Kelleher,64538.36,GL5859U,ExecutiveClass,DEMORADO
93,Rutledge,Henrionot,37954.47,NW6919R,FirstClass,EN VUELO
94,Dickie,Durning,32817.63,OB3354H,ExecutiveClass,EN HORARIO
95,Gibbie,Lindwasser,10270.5,ZP3992V,EconomyClass,ATERRIZADO
96,Zacharie,Berford,96422.39,XD9351M,EconomyClass,EN HORARIO
97,Mag,McGraffin,57789.07,OC1709J,FirstClass,EN HORARIO
98,Howard,Loudian,11016.53,IQ0454F,ExecutiveClass,ATERRIZADO
99,Sylvan,Cavell,9190.22,NX3948W,FirstClass,ATERRIZADO
100,Courtney,Fassbindler,90322.33,VB2660W,EconomyClass,EN HORARIO
101,Trstram,De Giorgi,25364.27,CT7120R,ExecutiveClass,EN HORARIO
102,Zed,Witts,62160.71,EW5027R,ExecutiveClass,EN VUELO
103,Kyla,Kielty,13460.78,EZ7577J,ExecutiveClass,ATERRIZADO
104,Jillayne,McIlmurray,75703.68,PO3374F,EconomyClass,EN HORARIO
105,Fifine,Lamplugh,62799.84,IL0293E,EconomyClass,DEMORADO
106,Sheila-kathryn,Kensett,99399.79,TK1288D,EconomyClass,EN HORARIO
107,Jeannine,Redhills,9850.54,CD4057B,FirstClass,EN HORARIO
108,Verina,Amiranda,50619.27,ZY0667Q,EconomyClass,EN HORARIO
109,Siobhan,Morson,18360.35,LY5782O,ExecutiveClass,ATERRIZADO
110,Mahalia,Janton,79690.24,MX5979B,EconomyClass,ATERRIZADO
111,Sly,Antrack,64007.74,AZ3961L,ExecutiveClass,DEMORADO
112,Drake,Bendik,33327.34,UP3439N,EconomyClass,EN VUELO
113,Travers,Thurnham,15440.69,EF9810V,EconomyClass,DEMORADO
114,Gerhardt,Vedeneev,39186.22,YS6372G,FirstClass,ATERRIZADO
115,Diann,Hawkin,74193.03,WB6471X,ExecutiveClass,ATERRIZADO
116,Maurine,Beagen,23251.09,HX9775R,ExecutiveClass,EN VUELO
117,Rozele,Fulford,30116.14,JD2309E,EconomyClass,DEMORADO
118,Torr,Heasman,14668.2,OT0089Y,ExecutiveClass,EN HORARIO
119,Cassondra,Piburn,77769.97,BU2629T,FirstClass,DEMORADO
120,Keith,Hallett,30369.56,YS1861Q,EconomyClass,DEMORADO
121,Lusa,Alyokhin,26428.62,BK5197Z,FirstClass,EN VUELO
122,Noah,Yurasov,52470.64,PG7194G,ExecutiveClass,EN HORARIO
123,Winne,Bellis,98534.52,HB1411D,ExecutiveClass,ATERRIZADO
124,Dick,Hirsthouse,12318.88,AM8482B,EconomyClass,EN HORARIO
125,Bonni,Rexworthy,51120.67,LD1529O,ExecutiveClass,EN VUELO
126,Siffre,Trobey,39968.23,XO3849G,FirstClass,EN VUELO
127,Mandie,Barnaby,87883.74,OE6194R,FirstClass,EN VUELO
128,Jeanie,Boakes,11116.01,AY1406N,EconomyClass,DEMORADO
129,Fifine,Watkiss,10800.1,ZO1837S,EconomyClass,EN HORARIO
130,Meryl,Canavan,36298.28,ZJ4509L,FirstClass,EN HORARIO
131,Stella,Shilleto,78044.29,KO3610K,EconomyClass,ATERRIZADO
132,Torin,Backhouse,16262.09,VR7925Z,ExecutiveClass,DEMORADO
133,Madel,Belchambers,62458.4,GU3154K,FirstClass,EN VUELO
134,Samantha,Attenbrough,49866.78,EX9582Z,ExecutiveClass,DEMORADO
135,Corette,Guise,32304.73,HG8984A,EconomyClass,DEMORADO
136,Boycie,Pristnor,73010.82,EU4395L,FirstClass,EN HORARIO
137,Marinna,Getch,58381.06,MR1010R,ExecutiveClass,EN VUELO
138,Avictor,Mantrip,93620.67,SB4910C,ExecutiveClass,DEMORADO
139,Sisely,Rankin,98945.06,LI0519D,ExecutiveClass,EN VUELO
140,Pierson,Ickovic,41440.25,LG6400V,ExecutiveClass,EN VUELO
141,Alyosha,Winchcomb,24049.79,QC3923N,EconomyClass,DEMORADO
142,Quincy,Delgardo,18994.53,TY8629U,ExecutiveClass,DEMORADO
143,Felita,Oyley,18717.58,DI1388P,FirstClass,DEMORADO
144,Delia,Guyer,18219.61,UM9026Z,EconomyClass,EN VUELO
145,Eden,Cluett,44106.04,OW8419W,EconomyClass,DEMORADO
146,Nap,Semarke,94085.24,OG1894P,EconomyClass,EN VUELO
147,Mady,Oxlade,43254.06,US2197A,EconomyClass,ATERRIZADO
148,Arel,Marlen,34902.69,ZD4515C,ExecutiveClass,EN HORARIO
149,Belva,Hanstock,42130.56,WP5920Q,EconomyClass,EN VUELO
150,Rhiamon,Burgis,27942.22,LW5863H,FirstClass,DEMORADO
151,Carilyn,Paulin,19441.72,HW4686E,FirstClass,DEMORADO
152,Concordia,Langthorn,24188.81,AS4790C,EconomyClass,DEMORADO
153,Stace,Brooksby,92776.29,NX1824G,FirstClass,EN HORARIO
154,Betteann,Fenney,73753.5,AD2556S,FirstClass,DEMORADO
155,Amerigo,Dorrell,70135.11,MQ1087E,EconomyClass,DEMORADO
156,Quintina,Stephens,65168.87,HQ4357B,FirstClass,EN HORARIO
157,Ofelia,Swinn,56024.09,RL8864H,ExecutiveClass,DEMORADO
158,Jemimah,Le Jean,17769.36,JA8177E,FirstClass,EN HORARIO
159,Josi,Holberry,98397.26,KX2267Y,ExecutiveClass,EN HORARIO
160,Dulcy,Quilliam,35251.69,BN4347K,ExecutiveClass,EN VUELO
161,Lombard,Knell,68674.97,CX6028V,FirstClass,ATERRIZADO
162,Rois,Stych,36107.76,LL0134I,ExecutiveClass,ATERRIZADO
163,Shirley,Carreyette,37860.73,IB1090W,EconomyClass,EN HORARIO
164,Kerstin,Gilffilland,55298.58,BQ4581R,FirstClass,EN VUELO
165,Heidi,Mackerel,87165.64,YB0016T,ExecutiveClass,EN VUELO
166,Kin,Grizard,75011.3,EU6238M,ExecutiveClass,EN HORARIO
167,Donica,de'-Ancy Willis,60594.17,HC5547P,EconomyClass,ATERRIZADO
168,Winifred,Blonfield,49351.12,XB1750G,ExecutiveClass,EN HORARIO
169,Ade,Bosquet,80786.56,ND4704A,EconomyClass,EN HORARIO
170,Levy,Magovern,48882.94,LF0363D,ExecutiveClass,ATERRIZADO
171,Ker,Rosewall,16137.57,WS0972Y,ExecutiveClass,ATERRIZADO
172,Arluene,Jado,57286.58,OJ2370M,ExecutiveClass,EN VUELO
173,Giffy,Bernardoni,62602.22,KC5528X,EconomyClass,EN VUELO
174,Domingo,MacTrustie,85755.21,FW5883Q,EconomyClass,EN HORARIO
175,Carlen,Farquharson,97148.4,BF8686M,ExecutiveClass,DEMORADO
176,Alford,Sclanders,26520.64,QW1948M,EconomyClass,EN VUELO
177,Mar,Ferrillio,90758.54,WR7579D,ExecutiveClass,DEMORADO
178,Lorilee,Ziebart,45149.99,PI3893E,FirstClass,DEMORADO
179,Zabrina,Frays,96419.12,IL7514F,FirstClass,ATERRIZADO
180,Reta,Whiley,15051.66,JF3500G,ExecutiveClass,EN VUELO
181,Essie,Coull,23441.55,VK0878E,EconomyClass,EN VUELO
182,Parker,Aphale,70110.11,MS2666N,ExecutiveClass,ATERRIZADO
183,Erv,Sommerlin,60343.9,JU4898W,EconomyClass,ATERRIZADO
184,Ravi,Eddisford,37662.24,OQ4398N,ExecutiveClass,ATERRIZADO
185,Alyse,Sprowell,15896.27,FO1663S,FirstClass,EN HORARIO
186,Trixy,Procter,19193.86,QV4086K,ExecutiveClass,DEMORADO
187,Theodor,Copland,38972.75,ZD3959G,EconomyClass,EN HORARIO
188,Lamar,Scouse,59020.04,FM0614C,FirstClass,ATERRIZADO
189,Wallas,Tooting,62474.19,LR0352H,ExecutiveClass,ATERRIZADO
190,Byron,Pyburn,41044.37,WI5475O,EconomyClass,EN HORARIO
191,Catie,Benoist,83540.05,DS0020Q,ExecutiveClass,ATERRIZADO
192,Eloise,Bjorkan,64087.96,KX9251H,ExecutiveClass,DEMORADO
193,Julio,Briscam,59744.51,DP2734H,ExecutiveClass,EN VUELO
194,Rocky,Manby,41828.45,AZ4080X,FirstClass,EN VUELO
195,Monty,Hallen,28513.48,AH8702V,FirstClass,EN VUELO
196,Pauly,Daldan,62183.37,SD1266S,EconomyClass,EN VUELO
197,Ian,Muress,74199.45,UB0024J,ExecutiveClass,ATERRIZADO
198,Polly,Gallemore,11684.29,IO3927S,ExecutiveClass,ATERRIZADO
199,Ailey,Lister,35936.96,JM1835M,ExecutiveClass,EN VUELO
200,Don,Sigart,9305.47,FC4808V,ExecutiveClass,DEMORADO
201,Vale,Phillput,50994.01,ZE0848O,EconomyClass,ATERRIZADO
202,Steffi,Widger,53407.25,CP2874C,ExecutiveClass,DEMORADO
203,Jarred,Northcote,71430.26,FN9862B,EconomyClass,ATERRIZADO
204,Natka,Wharby,23555.8,FR0989V,EconomyClass,ATERRIZADO
205,Eal,Ebourne,12661.39,SN6915W,EconomyClass,DEMORADO
206,Janessa,Mott,73164.4,AR3095V,FirstClass,ATERRIZADO
207,Saidee,McDunlevy,66798.12,XR1023P,FirstClass,DEMORADO
208,Hetty,Bowser,94078.39,PM1578W,EconomyClass,EN HORARIO
209,Devan,Neilan,26884.32,HH4390V,EconomyClass,EN HORARIO
210,Lorie,Sykes,7660.21,TB5195E,FirstClass,ATERRIZADO
211,Tuesday,Adam,91603.58,RW7920D,FirstClass,EN HORARIO
212,Valli,Ballach,52469.49,VX6181W,FirstClass,ATERRIZADO
213,Garnette,Matusevich,27135.7,PM3078Z,FirstClass,EN HORARIO
214,Brockie,Jonk,7495.42,WN2741O,FirstClass,EN VUELO
215,Avictor,Hiskey,38707.44,SQ7042S,ExecutiveClass,EN HORARIO
216,Stephan,Duling,48636.08,KJ3866F,ExecutiveClass,ATERRIZADO
217,Monica,Zumbusch,99386.35,ER1948R,FirstClass,DEMORADO
218,Jolie,Sayer,9720.97,EZ6618V,FirstClass,EN HORARIO
219,Mirabella,Tomblett,24318.66,JH6851X,ExecutiveClass,EN VUELO
220,Pierrette,Rosling,28464.97,XA8770M,ExecutiveClass,EN VUELO
221,Nessi,Garioch,44043.2,DE3302W,FirstClass,DEMORADO
222,Christa,Whiteway,50544.77,WJ4526W,EconomyClass,DEMORADO
223,Allegra,Kleinlerer,91799.74,RW1139L,FirstClass,DEMORADO
224,Lindsey,Bruckental,29086.28,UG9236U,EconomyClass,EN VUELO
225,Matthus,Sandry,98237.35,QX0978L,FirstClass,EN VUELO
226,Fiona,Eshmade,17646.67,EH6376I,FirstClass,DEMORADO
227,Jude,Cowterd,50794.53,JA2973O,FirstClass,EN HORARIO
228,Miof mela,Farrar,52822.54,CH6664H,FirstClass,DEMORADO
229,Nicolis,Harniman,56179.93,ZU8771H,ExecutiveClass,DEMORADO
230,Guthrey,Eyrl,75113.11,FK2896Y,FirstClass,ATERRIZADO
231,Joel,Oughton,80608.45,PN2579C,EconomyClass,EN VUELO
232,Fayre,Rumble,86485.68,GB6692E,EconomyClass,ATERRIZADO
233,Antonius,Etches,36577.07,JK3865Y,FirstClass,ATERRIZADO
234,Stevy,Allibon,43516.54,BT9724I,ExecutiveClass,DEMORADO
235,Shirleen,Meacher,95347.68,NN4404H,FirstClass,EN VUELO
236,Steven,Capaldi,48955.95,KH3142A,FirstClass,DEMORADO
237,Celia,Margaritelli,31611.11,LK6453U,EconomyClass,DEMORADO
238,Osgood,McClymont,48530.88,LZ2169U,EconomyClass,DEMORADO
239,Delilah,Zucker,99409.43,MU0278Z,ExecutiveClass,ATERRIZADO
240,Eimile,Jorez,51187.85,TZ0210O,FirstClass,EN HORARIO
241,Kale,Eisak,92707.72,IR8598W,ExecutiveClass,ATERRIZADO
242,Tessa,Varley,40512.52,SB6756G,FirstClass,ATERRIZADO
243,Itch,Collyns,6637.15,VO8608F,EconomyClass,ATERRIZADO
244,Byrle,Beedell,9582.31,IU2564T,EconomyClass,ATERRIZADO
245,Floris,Carncross,59312.07,EM1068L,FirstClass,DEMORADO
246,Hildegaard,Hardingham,35378.19,AB6022M,ExecutiveClass,EN HORARIO
247,Cecilia,Vautrey,57858.59,OT5224V,FirstClass,ATERRIZADO
248,Barnaby,Henderson,40805.59,PN5449X,EconomyClass,EN VUELO
249,Andy,Gregg,66022.4,QD7076Z,FirstClass,ATERRIZADO
250,Riva,Jonson,44804.71,SW5133J,ExecutiveClass,EN VUELO
251,Glynda,Coppenhall,92919.21,ZL4730M,ExecutiveClass,EN VUELO
252,Melly,Taft,23920.85,IM4616U,ExecutiveClass,EN VUELO
253,Auguste,Kelsow,42955.91,OB8040Y,EconomyClass,EN HORARIO
254,Gawain,Cripwell,67052.49,II9617U,ExecutiveClass,EN HORARIO
255,Darcy,Abbis,99350.45,JG4881Z,EconomyClass,EN HORARIO
256,Celestina,Brugmann,98180.5,HF9509W,FirstClass,ATERRIZADO
257,Miran,Andriveau,36870.44,YC8567W,ExecutiveClass,EN VUELO
258,Jerry,Berrygun,94851.32,UI1273Y,FirstClass,DEMORADO
259,Guthrie,Dibble,74905.9,KX8230A,FirstClass,EN HORARIO
260,Lion,Borthe,83301.4,FC2337D,FirstClass,EN HORARIO
261,Desi,Jobern,98870.32,OG2143U,FirstClass,EN HORARIO
262,Minnaminnie,Blaycock,14956.05,DG9292V,FirstClass,EN HORARIO
263,Lisbeth,Chisman,73684.45,DH8934M,EconomyClass,EN VUELO
264,Jenda,Malden,25887.87,DO5504J,ExecutiveClass,ATERRIZADO
265,Pat,Behnecke,70848.3,RJ2393V,ExecutiveClass,ATERRIZADO
266,Hetti,Brehault,96505.37,BX9392A,EconomyClass,DEMORADO
267,Thedric,Blaszczak,69381.78,UN5309W,EconomyClass,DEMORADO
268,Arther,Gouldthorpe,40423.86,XK6163K,ExecutiveClass,EN VUELO
269,Issi,Pfaff,50514.97,VN8366J,FirstClass,EN VUELO
270,Kelsi,Hache,58629.29,VG1618D,EconomyClass,ATERRIZADO
271,Kevon,Slyde,19632.95,UL5398H,ExecutiveClass,DEMORADO
272,Jessie,Whyatt,14313.17,XQ2468U,FirstClass,EN VUELO
273,Fonsie,Pech,92461.0,NS3777V,FirstClass,EN VUELO
274,Jenni,Antonias,12885.02,GB3644S,ExecutiveClass,ATERRIZADO
275,Pavel,Baggarley,48565.09,NO1380C,EconomyClass,EN VUELO
276,Friedrich,Sydes,29501.28,AY2752O,FirstClass,DEMORADO
277,Locke,Hyslop,95079.52,IB7079Z,ExecutiveClass,ATERRIZADO
278,Sande,Alflatt,40179.69,UA1454K,EconomyClass,EN HORARIO
279,Charita,Lantuff,90977.92,KX6535R,ExecutiveClass,EN HORARIO
280,Edee,Berzins,8158.19,PQ0299N,ExecutiveClass,DEMORADO
281,Benn,Rozenzweig,73134.89,ZE1287E,EconomyClass,EN HORARIO
282,Janek,Thuillier,44609.24,PB7655S,EconomyClass,ATERRIZADO
283,Darryl,Schulter,68513.42,OF6705S,FirstClass,DEMORADO
284,Tomas,Yea,96496.29,MP0956R,ExecutiveClass,EN HORARIO
285,Madeleine,Greenin,82164.86,HC6068I,ExecutiveClass,EN VUELO
286,Nicolette,Mouse,9065.28,JB6114Q,EconomyClass,EN VUELO
287,Stacee,Egglestone,99063.3,FC2682A,FirstClass,EN VUELO
288,Yvon,Sussex,77974.04,GR5370R,ExecutiveClass,ATERRIZADO
289,Jeffry,Gammack,95577.68,JI6229H,ExecutiveClass,ATERRIZADO
290,Barrie,Pavolini,10346.28,LX5008J,ExecutiveClass,EN VUELO
291,Bibbye,Ribeiro,77466.96,KJ5861O,ExecutiveClass,EN HORARIO
292,Opaline,Rexworthy,62444.15,CA7481K,FirstClass,EN HORARIO
293,Riordan,Hoyes,81662.0,DV6047V,ExecutiveClass,EN VUELO
294,Tobe,Jankowski,48970.07,AJ1960I,EconomyClass,EN HORARIO
295,Lynnett,Caush,9108.06,SS2289R,EconomyClass,EN HORARIO
296,Danila,Handford,38087.26,GV7545J,EconomyClass,ATERRIZADO
297,Delainey,Whitemarsh,28351.89,KQ0407Y,EconomyClass,DEMORADO
298,Sybil,Napolione,75756.34,UT8392P,ExecutiveClass,EN HORARIO
299,Fenelia,Blaik,64628.0,UY7206F,ExecutiveClass,EN HORARIO
300,Roland,Corse,8238.29,PF3963J,FirstClass,EN VUELO
301,Traci,Franchi,90700.06,PS0546E,EconomyClass,EN VUELO
302,Gena,Iacomettii,47571.85,RK5933E,EconomyClass,ATERRIZADO
303,Jemima,Redolfi,75105.65,KQ7098C,ExecutiveClass,EN VUELO
304,Jozef,Audry,69038.2,ZW3899T,EconomyClass,EN VUELO
305,Francoise,Penny,72779.44,HQ6809L,EconomyClass,EN HORARIO
306,Farr,Wainscot,78331.7,ZJ2170F,EconomyClass,EN HORARIO
307,Kailey,Ricardon,97276.15,KO0636J,EconomyClass,DEMORADO
308,Cinda,Leger,59301.33,ZB2740H,EconomyClass,EN HORARIO
309,Phyllida,Morphew,15089.88,JV6353E,FirstClass,ATERRIZADO
310,Lisette,Casaro,79933.92,II2824R,EconomyClass,EN VUELO
311,Cornie,Wilcinskis,66284.39,DE1417L,ExecutiveClass,DEMORADO
312,Elfrida,Smurfit,40700.44,TP2562Y,ExecutiveClass,EN HORARIO
313,Hertha,Britzius,56122.9,GX2535Y,EconomyClass,DEMORADO
314,Edeline,Abrahami,48129.34,DE1595A,FirstClass,EN HORARIO
315,Meg,Pavy,76978.52,FU9045Z,EconomyClass,EN HORARIO
316,Beulah,Danko,90288.53,YX5276J,EconomyClass,EN HORARIO
317,Porter,Calwell,27848.72,UA0622M,FirstClass,EN VUELO
318,Fanchon,Clemendot,98033.51,PM4154G,FirstClass,EN VUELO
319,Jaimie,Hoonahan,84879.31,CQ0217C,EconomyClass,EN HORARIO
320,Ralina,Spelsbury,78633.08,SS5357U,EconomyClass,EN VUELO
321,Aila,Richin,69961.67,IA8154K,EconomyClass,EN HORARIO
322,Xena,Helstrom,33331.35,OG7661D,FirstClass,EN HORARIO
323,Charlie,Roundtree,33005.93,WT8568X,ExecutiveClass,EN HORARIO
324,Emmanuel,Widocks,93898.27,CB5213Z,ExecutiveClass,DEMORADO
325,Garrott,Duckels,61834.93,HU4809T,FirstClass,EN HORARIO
326,Jerri,Reggio,72981.13,PX3854B,FirstClass,EN VUELO
327,Marie-jeanne,Chetwin,18422.75,LB9213D,ExecutiveClass,EN HORARIO
328,Onofredo,Henrichsen,62926.29,RD6167U,FirstClass,DEMORADO
329,Kermie,Dockery,86473.48,RC1301O,EconomyClass,EN VUELO
330,Hunt,Deerness,45385.67,OT2771B,EconomyClass,ATERRIZADO
331,Garwin,Ream,65759.0,DQ3179B,FirstClass,ATERRIZADO
332,Artus,Hitscher,53896.99,HD3305I,ExecutiveClass,EN VUELO
333,Gill,Bakewell,67609.7,UP9411M,FirstClass,EN VUELO
334,Alina,Pressnell,51727.52,XE7482P,EconomyClass,EN VUELO
335,Noel,Pumphrey,77727.35,CK1490H,FirstClass,DEMORADO
336,Dodi,Orrice,86468.54,FY3619X,ExecutiveClass,DEMORADO
337,Nichole,Gozzett,82331.27,AQ4411E,FirstClass,EN VUELO
338,Devlin,Spicer,75691.75,KN6383L,FirstClass,EN VUELO
339,Tad,Coultish,25603.36,SA5272E,EconomyClass,ATERRIZADO
340,Jeralee,Keneforde,97922.19,ER3217F,ExecutiveClass,ATERRIZADO
341,Meghan,Houson,36444.66,NS0365P,FirstClass,ATERRIZADO
342,Una,Snookes,22564.77,FL8188Z,FirstClass,ATERRIZADO
343,Reese,Causer,42842.0,UQ8707A,EconomyClass,DEMORADO
344,Valry,Casford,21293.42,RC2098C,FirstClass,DEMORADO
345,Herbert,Bircher,79631.91,ZV4607J,EconomyClass,EN HORARIO
346,Stanley,Doherty,48044.66,PZ8724Q,FirstClass,EN VUELO
347,Ange,Petschelt,61440.18,RI6648E,FirstClass,EN VUELO
348,Bettina,Blackden,76921.64,KT6035U,FirstClass,ATERRIZADO
349,Robby,Maggs,43442.51,XL0866P,FirstClass,EN HORARIO
350,Odele,Woodroff,20283.08,JC0328V,EconomyClass,DEMORADO
351,Leonardo,Macer,85147.4,CQ0857M,EconomyClass,DEMORADO
352,Vasilis,Ruby,20085.9,EV0962H,EconomyClass,EN HORARIO
353,Nannette,Goldstraw,45816.38,PV3584Z,ExecutiveClass,DEMORADO
354,Janek,Chapiro,15677.63,YF5898D,ExecutiveClass,EN VUELO
355,Arlyn,Manson,23391.17,JX2166E,FirstClass,DEMORADO
356,Kikelia,Loachhead,90065.56,YN2636H,FirstClass,ATERRIZADO
357,Jennifer,Podmore,77592.65,UI7170P,ExecutiveClass,EN HORARIO
358,Sergei,Gotfrey,10701.46,BM1050J,EconomyClass,EN VUELO
359,Adham,Peegrem,34169.23,MZ9193C,ExecutiveClass,DEMORADO
360,Velma,Storck,30993.96,XS2188N,FirstClass,EN VUELO
361,Hale,Perfitt,35131.85,HI4880A,ExecutiveClass,DEMORADO
362,Farah,Wittman,35128.44,XZ2515E,EconomyClass,EN HORARIO
363,Mariette,Milkins,87138.43,DO7232E,ExecutiveClass,ATERRIZADO
364,Lisbeth,Lynthal,60162.13,HN4953G,EconomyClass,EN HORARIO
365,Hogan,Falconer,58437.11,TR6934W,EconomyClass,DEMORADO
366,Stuart,Rozec,45953.36,QF7517V,ExecutiveClass,DEMORADO
367,Petronille,Henzley,42449.78,FM9444C,FirstClass,ATERRIZADO
368,Tamera,Matisse,41118.35,CN4245Y,ExecutiveClass,EN VUELO
369,Shelby,Cayton,72212.49,YS1451E,EconomyClass,ATERRIZADO
370,Claudian,Gearing,92058.38,KU7275V,EconomyClass,EN VUELO
371,Michail,Waldock,20663.73,DF0611T,EconomyClass,DEMORADO
372,Raychel,Grassick,37365.0,KM7668X,EconomyClass,EN HORARIO
373,Wanids,Jerman,85957.23,ZT3311Z,FirstClass,DEMORADO
374,Chelsy,Misken,22196.37,QF5354E,ExecutiveClass,DEMORADO
375,Katya,Stobart,89866.32,CR2992A,ExecutiveClass,DEMORADO
376,Avrom,Ankrett,38479.33,IH3026J,FirstClass,ATERRIZADO
377,Bucky,Papworth,99771.23,NF9891O,EconomyClass,EN VUELO
378,Larisa,Marian,51068.47,AX1731J,EconomyClass,EN HORARIO
379,Gabriela,Tickle,14616.77,VZ6762V,FirstClass,ATERRIZADO
380,Lorinda,Roskruge,86429.96,TB4681P,ExecutiveClass,EN HORARIO
381,Renell,Splaven,97382.92,JH1544W,FirstClass,DEMORADO
382,Vanessa,Bleue,75944.23,LL7014M,FirstClass,EN VUELO
383,Scotty,Stonman,7793.95,FF6361N,FirstClass,DEMORADO
384,Cornelius,Towndrow,91010.16,YC0290Q,FirstClass,ATERRIZADO
385,Ian,Lenard,25848.2,AG9746O,ExecutiveClass,DEMORADO
386,Wylie,Jenoure,99233.33,GY8893K,EconomyClass,EN HORARIO
387,Wittie,Corlett,14747.93,XW3658Q,FirstClass,EN VUELO
388,Galina,Emmerson,63398.52,GK2785Q,EconomyClass,EN VUELO
389,Ross,Markushkin,13957.73,ZP6408G,ExecutiveClass,ATERRIZADO
390,Gauthier,Allpress,63481.54,NE4983T,EconomyClass,EN HORARIO
391,Inna,Sowerbutts,27063.11,VU7826A,FirstClass,EN HORARIO
392,Eveleen,McComb,28696.27,FL1368R,EconomyClass,EN VUELO
393,Mirilla,Ravenshaw,20688.1,AG2695G,ExecutiveClass,EN HORARIO
394,Roosevelt,Aggis,71513.11,JJ6592Y,FirstClass,DEMORADO
395,George,Sutworth,76903.01,SO7403O,ExecutiveClass,EN VUELO
396,Gaylord,Malyj,23272.95,XD7059G,EconomyClass,EN HORARIO
397,Udall,Raynes,26570.82,BK8720M,FirstClass,EN VUELO
398,Nonnah,Hearnaman,91417.97,XT3047B,FirstClass,ATERRIZADO
399,Nevile,Redgewell,66033.52,WN4337K,FirstClass,ATERRIZADO
400,Nelly,Mathonnet,56147.41,BD2910U,ExecutiveClass,EN HORARIO
401,Peadar,Melledy,8263.34,ZO7881L,FirstClass,ATERRIZADO
402,Valencia,Polini,92263.79,PZ6702H,FirstClass,DEMORADO
403,Corissa,Deehan,57247.63,IO3182T,FirstClass,ATERRIZADO
404,Ive,Shevlan,58920.75,XT2506C,EconomyClass,DEMORADO
405,Ariel,Lorens,60021.91,MN1690Y,FirstClass,DEMORADO
406,Joshia,Ornillos,32045.24,ZO4301W,EconomyClass,DEMORADO
407,Gisella,Trethewey,75452.39,IU5868A,EconomyClass,EN VUELO
408,Maureen,Niess,56961.23,QO4501A,ExecutiveClass,DEMORADO
409,Gaylor,Hupe,78232.39,AZ4951K,FirstClass,ATERRIZADO
410,Hendrick,Blemings,99385.41,LW0050A,EconomyClass,EN VUELO
411,Benni,Driscoll,68382.7,LN3091M,FirstClass,DEMORADO
412,Deva,Finlay,7803.46,RX7692B,ExecutiveClass,EN VUELO
413,Trixy,Gormally,27216.27,MK7330V,EconomyClass,EN HORARIO
414,Curran,Dourin,27389.67,CW5641L,EconomyClass,ATERRIZADO
415,Kali,Harraway,48019.97,XJ8275G,FirstClass,DEMORADO
416,Hieronymus,Greguol,75024.41,LC6481B,EconomyClass,EN HORARIO
417,Libbi,Vigours,57999.65,FS0244H,FirstClass,DEMORADO
418,Huberto,Wiper,33041.87,TK2341K,EconomyClass,EN HORARIO
419,Byron,Longbothom,47514.52,NL3311R,EconomyClass,EN HORARIO
420,Kerrill,Posvner,9976.47,AT9135R,EconomyClass,DEMORADO
421,Nelia,Iglesiaz,40654.07,ZE1765M,EconomyClass,ATERRIZADO
422,Benji,Brymner,37723.64,SN3545M,EconomyClass,EN VUELO
423,Ula,Epgrave,88053.37,BT6764P,ExecutiveClass,DEMORADO
424,Nicolea,Scholl,75030.38,SG0172T,EconomyClass,EN HORARIO
425,Roderic,Widdowes,47977.46,DX4663W,ExecutiveClass,DEMORADO
426,Aleta,Tollet,55436.78,VV6787X,FirstClass,DEMORADO
427,Rube,McGerr,23702.14,NI8212Z,FirstClass,ATERRIZADO
428,Lin,Chatin,98540.87,GV3822O,EconomyClass,ATERRIZADO
429,Celle,Chivrall,91255.88,DZ0931Z,ExecutiveClass,EN HORARIO
430,Ripley,Purrington,71042.78,VV7721K,FirstClass,DEMORADO
431,Mandie,Beane,78183.56,WA3496G,ExecutiveClass,EN VUELO
432,Goddart,Klagges,56359.68,VX0708U,FirstClass,EN HORARIO
433,Doralyn,Astie,65748.86,DP9990P,FirstClass,DEMORADO
434,Dominica,Harlowe,28425.0,UW2040K,ExecutiveClass,EN HORARIO
435,Chrissy,Skillicorn,46421.78,DW9069T,ExecutiveClass,EN HORARIO
436,Amie,Hakewell,88578.32,BK0758U,FirstClass,DEMORADO
437,Catharina,Jarrelt,90167.74,CG0999V,FirstClass,DEMORADO
438,Mari,Dreelan,9819.03,MJ7792J,EconomyClass,ATERRIZADO
439,Charo,Heiton,73762.81,GY2661R,EconomyClass,EN VUELO
440,Lazaro,Rennock,85970.66,UJ1153E,FirstClass,EN HORARIO
441,Muhammad,Woodison,17796.61,CR7673F,FirstClass,EN VUELO
442,Dyanne,Mallison,42726.9,VD7922E,FirstClass,ATERRIZADO
443,Johnath,Robbe,69210.63,ND7161W,ExecutiveClass,EN VUELO
444,Rube,Robley,33399.73,AF7894V,FirstClass,ATERRIZADO
445,Mariya,Duer,19080.25,YY2224X,ExecutiveClass,DEMORADO
446,Bradly,Speak,35635.27,IA8350A,FirstClass,EN HORARIO
447,Sampson,Andras,82381.03,CF1459I,ExecutiveClass,DEMORADO
448,Fanni,Lane,23313.94,YW9908B,ExecutiveClass,EN VUELO
449,Vivien,Peak,79665.3,JL1665E,ExecutiveClass,ATERRIZADO
450,Kathie,Roxbrough,88853.76,WW4362H,EconomyClass,EN VUELO
451,Elonore,Dobson,14626.86,VO3165U,ExecutiveClass,ATERRIZADO
452,Eileen,Iacobini,77327.97,VB5775G,ExecutiveClass,EN VUELO
453,Norry,Gillman,63222.89,CV1953G,ExecutiveClass,EN VUELO
454,Staford,Choat,38703.39,MH3497O,EconomyClass,EN HORARIO
455,Adrian,Eddowis,69880.31,GW5790S,FirstClass,DEMORADO
456,Brock,Faircliff,21520.92,IT0445F,FirstClass,EN VUELO
457,Deeyn,Fettis,23638.77,VZ2033Y,EconomyClass,ATERRIZADO
458,Desmund,Ganders,39560.62,TI0094N,ExecutiveClass,EN VUELO
459,Sim,Argent,58218.53,PV9429S,EconomyClass,EN VUELO
460,Leesa,Fawloe,47395.11,SA8890P,FirstClass,ATERRIZADO
461,Ashly,Tennison,61066.95,CR8914P,ExecutiveClass,EN HORARIO
462,Tracey,Quilligan,51974.49,CR5247H,ExecutiveClass,ATERRIZADO
463,Goran,MacAndie,57820.62,PP5502Z,ExecutiveClass,EN HORARIO
464,Truman,Glacken,20807.63,VD3174Z,EconomyClass,DEMORADO
465,Karl,Ganning,8311.74,XP8889Q,EconomyClass,EN HORARIO
466,Aube,Lyons,65857.65,TG7005J,EconomyClass,ATERRIZADO
467,Sheree,Bexley,68989.66,PM6160X,EconomyClass,EN VUELO
468,Myrtia,Scantlebury,95797.64,UF7014L,FirstClass,ATERRIZADO
469,Natale,Bancroft,29311.03,KN0853I,ExecutiveClass,EN HORARIO
470,Tucky,Doone,41694.91,AW6318S,FirstClass,DEMORADO
471,Goraud,Wigelsworth,19437.13,JW8408Z,EconomyClass,EN VUELO
472,Rhodie,Gerhardt,48289.94,ZU5014H,FirstClass,EN HORARIO
473,Carolyn,McCracken,66672.33,WW0098I,FirstClass,DEMORADO
474,Vanny,Devany,61882.06,VY3563W,FirstClass,EN HORARIO
475,Myrle,McCallion,47469.17,MY3709I,ExecutiveClass,DEMORADO
476,Demetri,Peasnone,17386.08,CH7381B,EconomyClass,EN VUELO
477,Elysia,Serjent,56699.61,YE2949Z,EconomyClass,ATERRIZADO
478,Roxine,Deener,82707.18,GH5747I,FirstClass,EN VUELO
479,Augustina,Laidlaw,23182.44,JN0412X,FirstClass,EN VUELO
480,Patton,MacMechan,61454.67,GY7645N,ExecutiveClass,EN VUELO
481,Corella,Burdge,60748.7,GL3188I,FirstClass,EN HORARIO
482,Marrilee,Raymen,16594.8,UJ4080I,FirstClass,DEMORADO
483,Stoddard,Moulster,14611.63,DP0580A,ExecutiveClass,EN HORARIO
484,Efrem,Layus,54388.36,HQ3819G,FirstClass,DEMORADO
485,Una,Locock,87949.52,WM6317Q,ExecutiveClass,EN HORARIO
486,Neale,Gallymore,86644.71,AC4704P,FirstClass,ATERRIZADO
487,Rowland,Tolland,54267.07,CF9307W,EconomyClass,DEMORADO
488,Jacki,Maughan,36043.93,GY0714M,FirstClass,DEMORADO
489,Brandais,Midlar,6675.43,AR3951V,FirstClass,DEMORADO
490,Janeta,MacCaull,30687.45,YG7167I,EconomyClass,ATERRIZADO
491,Austina,Caley,54408.41,GE7523H,ExecutiveClass,EN VUELO
492,Sol,Castana,57083.5,CU2770K,FirstClass,EN VUELO
493,Eustacia,Laight,55097.64,FF4993F,EconomyClass,DEMORADO
494,Fax,Mary,16811.46,VO7634N,EconomyClass,EN VUELO
495,Peta,Raccio,45019.15,ZB8908Q,ExecutiveClass,DEMORADO
496,Melvyn,Hanalan,42086.11,XW6798C,FirstClass,DEMORADO
497,Zed,de la Tremoille,79420.56,WP8524W,EconomyClass,EN HORARIO
498,Scarface,Beadnall,80722.47,GZ8602Z,FirstClass,DEMORADO
499,Tymon,Melpuss,63508.01,FL3563G,EconomyClass,EN HORARIO
500,Kermy,Lodden,15907.68,MS1611A,ExecutiveClass,ATERRIZADO
501,Consalve,Kerin,80517.5,JU3282X,ExecutiveClass,EN HORARIO
502,Trix,Mawd,80261.18,WZ4602O,ExecutiveClass,DEMORADO
503,Mikkel,Calf,22432.52,QE7654Y,ExecutiveClass,ATERRIZADO
504,Far,Duffit,84186.43,BX3672T,FirstClass,ATERRIZADO
505,Carson,Falvey,39600.24,PJ6080R,ExecutiveClass,DEMORADO
506,Calla,Poundford,50522.39,NX8008B,FirstClass,ATERRIZADO
507,Dulcia,Millhill,20925.4,IH1737T,EconomyClass,DEMORADO
508,Pierson,Extance,47897.54,RC3779J,EconomyClass,EN VUELO
509,Winni,Grim,76620.91,RP0044J,ExecutiveClass,DEMORADO
510,Valle,Attenborough,20299.55,CV7444J,ExecutiveClass,ATERRIZADO
511,Onfroi,Spaven,15050.47,WL4648B,EconomyClass,ATERRIZADO
512,Rianon,Izatson,7029.04,PZ4222V,ExecutiveClass,EN VUELO
513,Zarla,Tresler,88036.97,PZ7622Q,ExecutiveClass,ATERRIZADO
514,Brion,Baggott,12212.37,JL3806K,ExecutiveClass,DEMORADO
515,Trixie,Gilhool,17316.38,UM1111S,EconomyClass,DEMORADO
516,Lenard,Whitney,76650.63,ED4676R,ExecutiveClass,EN VUELO
517,Karissa,Satchel,50180.96,RA3531T,ExecutiveClass,EN HORARIO
518,Kitty,Van T'Hoog,38226.08,VL2559Z,FirstClass,EN VUELO
519,Bridgette,Huckfield,42692.33,MW9617H,ExecutiveClass,EN VUELO
520,Georgiana,Dreus,27796.56,XX0857F,ExecutiveClass,EN HORARIO
521,Laurence,Cottis,42691.91,WY2806W,ExecutiveClass,EN VUELO
522,Hugues,Mackie,14820.15,NJ1688D,ExecutiveClass,DEMORADO
523,Huntington,Jamieson,43130.78,TR0125V,FirstClass,DEMORADO
524,Daisie,Barriball,11730.29,PX5525M,FirstClass,ATERRIZADO
525,Berta,O'Glessane,90587.69,HX8971T,EconomyClass,EN VUELO
526,Tammie,MacDunlevy,65744.13,QJ8431J,ExecutiveClass,EN HORARIO
527,Pattie,Etoile,26675.8,PB3291W,EconomyClass,DEMORADO
528,Wolf,Burdge,89246.91,TE2004C,EconomyClass,EN HORARIO
529,Kerwinn,Calven,84665.71,TG5345C,EconomyClass,DEMORADO
530,Luisa,Carsey,78739.44,RK4936O,ExecutiveClass,EN HORARIO
531,Bettina,Silversmidt,62866.31,JG0310I,ExecutiveClass,EN HORARIO
532,Carolus,Salliss,46045.36,AO2829C,ExecutiveClass,DEMORADO
533,Glad,Aimson,74926.24,PE0955U,ExecutiveClass,EN VUELO
534,Sherman,Beat,52283.88,SZ5234E,FirstClass,EN VUELO
535,Giana,Hillin,18374.02,VU6940W,FirstClass,EN VUELO
536,Rog,Goney,6500.29,BJ8344J,ExecutiveClass,DEMORADO
537,Adey,Tythe,22610.95,BJ1891H,EconomyClass,ATERRIZADO
538,Mendel,Wiffen,74752.8,SA8184L,ExecutiveClass,EN VUELO
539,Barbara,Ebbin,87868.81,NP8621K,EconomyClass,EN VUELO
540,Filip,Demkowicz,94239.96,FZ7276R,EconomyClass,EN HORARIO
541,Barnaby,Ebbetts,16108.01,XQ0484N,EconomyClass,DEMORADO
542,Maurita,Prandoni,92385.44,LF1543U,ExecutiveClass,EN VUELO
543,Jerrilyn,Le Gassick,68371.68,HT5632R,ExecutiveClass,DEMORADO
544,Michale,Clemmey,52095.37,ZU4090D,FirstClass,EN HORARIO
545,Hyman,Styan,42119.05,XZ1156T,EconomyClass,EN VUELO
546,Dukey,Coram,81525.74,EI6355G,EconomyClass,DEMORADO
547,Berton,McCathie,71997.91,LO5005Y,FirstClass,ATERRIZADO
548,Dianne,Jaspar,82377.18,TJ4351B,FirstClass,EN HORARIO
549,Lebbie,Vanyard,58773.34,EE2561X,FirstClass,EN VUELO
550,Adolphus,Littley,43089.06,NV2228A,ExecutiveClass,EN HORARIO
551,Jessamyn,Covil,46693.05,LS5531K,ExecutiveClass,DEMORADO
552,Jules,Limeburner,94344.31,RR4053F,EconomyClass,DEMORADO
553,Luca,Dugdale,98192.9,BI2885Z,FirstClass,ATERRIZADO
554,Cinda,Cardew,18569.74,PO5282C,EconomyClass,EN VUELO
555,Milo,Blythe,93237.24,SV7601Y,EconomyClass,EN VUELO
556,Nomi,Gaydon,26886.44,SG7027E,EconomyClass,ATERRIZADO
557,Lily,Bootes,42023.19,ER8985B,ExecutiveClass,ATERRIZADO
558,Grazia,Hubatsch,85812.86,MC4740B,FirstClass,EN HORARIO
559,Norman,Guitonneau,77267.1,TX3655B,EconomyClass,EN HORARIO
560,Ginny,Berthelet,77531.86,LO7840C,FirstClass,ATERRIZADO
561,Ray,Haldenby,30855.1,CO8539P,EconomyClass,ATERRIZADO
562,Chickie,Jillions,80599.58,EF3920K,ExecutiveClass,ATERRIZADO
563,Joanne,Battaille,61890.88,XI4198K,EconomyClass,EN VUELO
564,Bernette,Cardenas,34705.87,XV6320U,ExecutiveClass,EN HORARIO
565,Mariquilla,Todman,36794.43,HS1446S,EconomyClass,ATERRIZADO
566,Meredeth,Borley,23352.06,NV1682Q,EconomyClass,EN VUELO
567,Timmy,Dable,85466.52,YT9069T,EconomyClass,ATERRIZADO
568,Karie,Portriss,55382.4,HX0991Z,FirstClass,ATERRIZADO
569,Amabelle,Craghead,38238.73,RU6712R,FirstClass,EN HORARIO
570,Michelina,Dorey,14300.71,UH2450W,ExecutiveClass,ATERRIZADO
571,Eydie,Fassbindler,46523.49,BJ0678Y,ExecutiveClass,EN VUELO
572,Ag,Manns,11606.02,IO1899X,EconomyClass,DEMORADO
573,Blinni,Duckinfield,86753.34,QT9231U,EconomyClass,ATERRIZADO
574,Bronson,Martine,52013.71,WN0637K,EconomyClass,EN HORARIO
575,Eudora,Kingsmill,7156.1,BO5428Z,EconomyClass,EN HORARIO
576,Annora,Butting,73868.28,JK9305L,FirstClass,DEMORADO
577,Katharina,Donohue,8401.67,JC2780O,ExecutiveClass,ATERRIZADO
578,Barbaraanne,Soigoux,81400.39,ZN0428K,FirstClass,EN VUELO
579,Whitaker,Stagge,67320.03,QH3913K,EconomyClass,EN VUELO
580,Corene,Forcade,40099.19,GM6655G,ExecutiveClass,EN HORARIO
581,Lynne,Escudier,64990.41,WB2948P,FirstClass,ATERRIZADO
582,Margarita,Hagley,26445.41,KX2318N,ExecutiveClass,DEMORADO
583,Kathleen,Bette,52037.73,QT6058Q,EconomyClass,EN HORARIO
584,Eberhard,Hindshaw,82291.59,KY2803J,ExecutiveClass,DEMORADO
585,Conny,Draude,69856.04,KG8218W,FirstClass,DEMORADO
586,Zea,Jentgens,74203.24,RW2930J,FirstClass,EN HORARIO
587,Loy,Plaide,45729.79,NL3132B,ExecutiveClass,EN VUELO
588,Morgan,Dun,99914.7,EP1449U,ExecutiveClass,EN VUELO
589,Margit,Bedson,7405.57,SD9710H,EconomyClass,DEMORADO
590,Beltran,Whaley,99098.05,KZ4027Y,EconomyClass,EN HORARIO
591,Olia,Cammiemile,52101.15,AZ6273S,EconomyClass,ATERRIZADO
592,Maynard,Goodridge,15140.43,IS2697V,EconomyClass,EN HORARIO
593,Jeddy,Joost,51587.3,GD8444J,FirstClass,EN VUELO
594,Dulcinea,Greetland,26567.18,YH0965C,ExecutiveClass,DEMORADO
595,Rodolfo,Theobald,79289.7,WW6701H,ExecutiveClass,EN VUELO
596,Silvana,Nicely,54964.05,YM2200G,FirstClass,ATERRIZADO
597,Demetri,Andrin,76775.79,CQ2560L,ExecutiveClass,ATERRIZADO
598,Laurene,Hutchcraft,69144.21,VK1264L,EconomyClass,EN HORARIO
599,Billie,Sweynson,15865.99,VG0067B,ExecutiveClass,EN HORARIO
600,Sky,Avey,61944.9,XY4360E,FirstClass,EN VUELO
601,Noreen,Krysztofowicz,6120.01,SD8860D,FirstClass,EN HORARIO
602,Stanfield,Parlour,29006.25,MT6183Q,EconomyClass,ATERRIZADO
603,Frazier,McHarry,47511.53,MD2517L,EconomyClass,DEMORADO
604,Evania,Rook,19385.44,YR0693I,FirstClass,EN VUELO
605,Walton,Cattell,27504.37,CK6372F,FirstClass,ATERRIZADO
606,Neville,Robinet,21582.01,TF8119V,FirstClass,DEMORADO
607,Deane,Oller,84213.24,XU1097C,FirstClass,ATERRIZADO
608,Tiphanie,Balmann,26259.95,US3823G,EconomyClass,ATERRIZADO
609,Crichton,Allden,67921.39,IG9425E,EconomyClass,DEMORADO
610,Sharlene,Bugg,73981.84,UQ9328Q,ExecutiveClass,EN HORARIO
611,Silva,Bolam,76448.86,UL1760R,FirstClass,DEMORADO
612,Weylin,Bausor,71693.52,VD8244J,ExecutiveClass,EN VUELO
613,Efren,Buterton,18379.3,NN2566X,FirstClass,EN VUELO
614,Joelie,Duffyn,39523.46,ZM6080Z,FirstClass,EN HORARIO
615,Toddy,Witson,64213.37,UC5853N,FirstClass,EN VUELO
616,Gaven,Simkins,60673.77,JA2724U,ExecutiveClass,EN HORARIO
617,Vyky,Arthey,54681.12,BK7151G,ExecutiveClass,ATERRIZADO
618,Torey,McIlwraith,20406.28,JT1367C,EconomyClass,EN VUELO
619,Prudi,Iglesias,92677.08,DS8783D,FirstClass,EN HORARIO
620,Novelia,Janous,7341.53,RC9837D,EconomyClass,EN VUELO
621,Jenica,Tours,81863.37,BP7571W,FirstClass,EN HORARIO
622,Elmo,Ronnay,70061.39,NM2617Q,ExecutiveClass,EN VUELO
623,Welbie,Cordall,72890.3,TX0689O,ExecutiveClass,ATERRIZADO
624,Holmes,Bere,34454.69,WU6276H,EconomyClass,EN VUELO
625,Mufinella,Keenan,69491.22,LG7448M,EconomyClass,DEMORADO
626,Paulie,Gulley,28129.9,KP9067N,EconomyClass,EN HORARIO
627,Quentin,Domelaw,65326.7,LA2528J,ExecutiveClass,ATERRIZADO
628,Torrence,Geroldini,32074.7,SH8007L,EconomyClass,DEMORADO
629,Killie,Mechan,58549.1,LK4755W,EconomyClass,ATERRIZADO
630,Wilona,Tarbatt,47813.06,ZQ8495V,EconomyClass,EN HORARIO
631,Stella,Daymont,62357.9,QA1062T,EconomyClass,EN VUELO
632,Starla,Berry,67310.35,FO2963L,EconomyClass,DEMORADO
633,Muhammad,Shirt,53891.43,XG2886Q,EconomyClass,ATERRIZADO
634,Rolland,Grummitt,21032.98,QT3151S,ExecutiveClass,ATERRIZADO
635,Kelsey,Tanfield,96775.33,QM5162J,ExecutiveClass,EN HORARIO
636,Dew,Persent,72762.95,ZE9380G,ExecutiveClass,EN VUELO
637,Ryan,Mellodey,55796.35,HD2277U,ExecutiveClass,EN HORARIO
638,Verile,Duthie,33623.04,PY2250C,FirstClass,DEMORADO
639,Irving,Underhill,8972.17,DG8063K,EconomyClass,DEMORADO
640,Gallard,Zammett,56891.7,XY7000A,ExecutiveClass,DEMORADO
641,Genny,Pedri,11261.18,WV9535J,EconomyClass,ATERRIZADO
642,Lani,Tisun,37366.46,BL4837O,FirstClass,EN HORARIO
643,Bronnie,Alban,21261.87,AW6189W,ExecutiveClass,EN VUELO
644,Agnesse,Konertz,49840.84,LH8191O,FirstClass,ATERRIZADO
645,Madalena,Labern,70584.15,QQ9116I,FirstClass,ATERRIZADO
646,Andriette,Ingliby,98338.33,FB3789K,EconomyClass,ATERRIZADO
647,Lindsay,Twiggins,28454.77,MS4359A,ExecutiveClass,ATERRIZADO
648,Lewie,Yukhnevich,99471.63,VH4294P,FirstClass,EN HORARIO
649,Shannen,Matchitt,83567.94,OW5576O,FirstClass,EN HORARIO
650,Dario,Lilburne,21058.26,SD8483V,EconomyClass,DEMORADO
651,Vinny,Tomashov,90689.43,WL4587T,FirstClass,EN HORARIO
652,Aguste,Capron,86889.52,SA4353W,ExecutiveClass,DEMORADO
653,Doll,Rodger,75736.59,HR0807S,FirstClass,EN HORARIO
654,Gwen,Leith-Harvey,78376.16,YO2860G,ExecutiveClass,ATERRIZADO
655,Ynes,Corkhill,73023.33,ZE9787O,FirstClass,DEMORADO
656,Ray,O' Connell,88489.8,LG6656X,FirstClass,EN VUELO
657,Lauretta,Topliss,37762.32,PS5460M,ExecutiveClass,EN VUELO
658,Brooke,Proudman,10864.6,HZ7250L,EconomyClass,EN HORARIO
659,Kyle,Lantiffe,96791.71,OC0304Z,ExecutiveClass,EN VUELO
660,Concordia,Donaghy,94513.48,YC2291X,EconomyClass,DEMORADO
661,Raul,Couvert,80271.99,GC7500S,FirstClass,DEMORADO
662,Harry,Basey,61099.1,CN1495R,EconomyClass,ATERRIZADO
663,Torrin,Trimmell,34693.45,XM6331Q,EconomyClass,ATERRIZADO
664,Locke,McKillop,89911.54,IV4442O,FirstClass,ATERRIZADO
665,Franklyn,Selman,22451.88,IG2517Y,FirstClass,EN HORARIO
666,Chen,Thackston,59497.55,GI4375Z,ExecutiveClass,EN VUELO
667,Adrien,Dawltrey,88291.2,TK3673Z,FirstClass,DEMORADO
668,Moore,Boor,18947.12,HS8421R,FirstClass,DEMORADO
669,Moreen,Malsher,41870.62,AX4521V,EconomyClass,ATERRIZADO
670,Gabbey,Briggs,90656.06,QI9626G,ExecutiveClass,DEMORADO
671,Tobit,McPhater,77379.08,AX4684A,FirstClass,ATERRIZADO
672,Leonore,Galego,35136.23,OI2108B,FirstClass,DEMORADO
673,Tonnie,Hallford,42580.41,SR4292C,FirstClass,EN VUELO
674,Cathrin,Puttan,8173.88,XS2373R,ExecutiveClass,DEMORADO
675,Elijah,Lokier,23463.12,CI3288O,EconomyClass,DEMORADO
676,Samara,Goodger,57514.29,BC9094K,FirstClass,EN VUELO
677,Claus,Grolle,26212.58,EM3937F,EconomyClass,EN VUELO
678,Morlee,Earie,11979.06,GP5913H,EconomyClass,DEMORADO
679,Robert,Mardell,52146.02,ZW3087Z,FirstClass,EN HORARIO
680,Lyndsay,Jerrome,12886.99,IV6514M,ExecutiveClass,DEMORADO
681,Alicia,Roja,82419.8,AV2791D,EconomyClass,DEMORADO
682,Judith,Beniesh,45283.22,LK9444V,EconomyClass,EN HORARIO
683,Jody,Ludy,11816.96,ZC5238A,FirstClass,ATERRIZADO
684,Kevina,Jochanany,16379.19,RH9674N,EconomyClass,EN HORARIO
685,Lenee,Kirkham,73551.4,YJ4288I,ExecutiveClass,ATERRIZADO
686,Chauncey,Murrum,37201.57,MN3087E,FirstClass,EN VUELO
687,Charin,Seden,35296.0,WZ3899N,FirstClass,EN VUELO
688,Abeu,Longo,74815.35,DR0340X,ExecutiveClass,EN HORARIO
689,Godfry,Trubshawe,23447.37,YL6998Q,EconomyClass,EN VUELO
690,Drusie,Jiroutek,50803.76,MG6547O,FirstClass,EN VUELO
691,Otto,Shewon,79874.81,YG4925L,FirstClass,ATERRIZADO
692,Vince,Braney,81226.59,OB5374N,ExecutiveClass,EN VUELO
693,Daisey,Enderle,68479.1,AK8795E,FirstClass,EN HORARIO
694,Kristien,Colvine,60509.65,ZC9085F,FirstClass,ATERRIZADO
695,Noel,Dundredge,79655.94,DO0388L,EconomyClass,EN VUELO
696,Antoni,Jakoviljevic,82614.96,MG0614X,EconomyClass,DEMORADO
697,Grenville,Penk,94296.57,LP3290T,EconomyClass,EN HORARIO
698,Bellanca,Strewthers,56817.73,AM6542X,ExecutiveClass,DEMORADO
699,Margaux,Cornu,68658.44,FD5676B,ExecutiveClass,DEMORADO
700,Baillie,McEachern,67161.51,PF5675P,ExecutiveClass,EN HORARIO
701,Caresse,Petrus,53239.87,UH8573I,FirstClass,EN HORARIO
702,Kristen,Fidgin,32052.41,CZ1895V,FirstClass,EN HORARIO
703,Lorry,McGuinness,43421.1,KU5642Z,FirstClass,DEMORADO
704,Emilio,Jarratt,48308.46,NN9973Z,FirstClass,EN HORARIO
705,Ahmad,Hannay,86372.38,FU3104Q,EconomyClass,DEMORADO
706,Eachelle,Koenraad,77077.55,KY0878Z,FirstClass,DEMORADO
707,Renate,Peachment,27135.87,VQ3874E,ExecutiveClass,EN VUELO
708,Bary,Hutten,73567.74,VC4466E,EconomyClass,DEMORADO
709,Cullan,Measor,50451.82,AK7276S,ExecutiveClass,EN VUELO
710,Hyacintha,Karran,94412.36,EK7160R,ExecutiveClass,EN VUELO
711,Briana,Pedrozzi,19737.39,ZB8945B,ExecutiveClass,EN HORARIO
712,Honoria,Havers,59771.49,EX1492T,ExecutiveClass,ATERRIZADO
713,Denney,Vittori,31799.45,TK2736X,EconomyClass,EN HORARIO
714,Veronike,Paoletto,73267.95,CZ1365L,ExecutiveClass,ATERRIZADO
715,Melanie,Housbey,99396.92,FC0119V,EconomyClass,EN VUELO
716,Stephana,Callender,53468.55,JX2862C,FirstClass,DEMORADO
717,Britteny,Wasbey,51569.76,XL1284K,EconomyClass,ATERRIZADO
718,Nonna,Safell,90660.04,RT5297W,FirstClass,EN HORARIO
719,Cicely,Lovering,60443.32,SB6613C,ExecutiveClass,EN VUELO
720,Merwyn,Tythe,14781.19,QE7113T,ExecutiveClass,ATERRIZADO
721,Zonnya,Laydel,10053.7,UI6998U,FirstClass,EN VUELO
722,Hugo,Letts,97701.76,GN0523J,FirstClass,EN VUELO
723,Adaline,Buss,66069.21,XU1690C,EconomyClass,EN HORARIO
724,Orelle,Halliwell,76019.43,MS1634K,EconomyClass,DEMORADO
725,Arne,Gilder,7582.18,BA9202X,FirstClass,DEMORADO
726,Kesley,Nutty,58040.13,NH8166X,ExecutiveClass,ATERRIZADO
727,Daphna,Macieiczyk,95344.91,NH7122F,FirstClass,ATERRIZADO
728,Carola,Norcliffe,33665.02,DQ4492W,ExecutiveClass,EN VUELO
729,Oswell,Orsay,44708.09,EM8792U,EconomyClass,EN VUELO
730,Ilysa,Landrick,15555.88,ZY6074F,FirstClass,EN HORARIO
731,Guillemette,Van der Daal,57020.09,PY4658O,EconomyClass,ATERRIZADO
732,Noreen,Ayton,8938.07,GK1270C,FirstClass,ATERRIZADO
733,Dominga,Youdell,51834.72,TK9430M,FirstClass,EN VUELO
734,Vin,Finby,91515.67,FK0726S,ExecutiveClass,EN VUELO
735,Brigit,Kimbley,85365.87,FH4073M,ExecutiveClass,ATERRIZADO
736,Roobbie,Paddefield,88990.44,ET2989V,FirstClass,EN VUELO
737,Junia,Cudihy,21295.41,ER1168W,EconomyClass,ATERRIZADO
738,Hetty,Togher,74355.57,JF7691T,EconomyClass,EN VUELO
739,Ardyce,Pobjoy,42661.76,RN6800C,ExecutiveClass,EN HORARIO
740,Jervis,Langdale,45534.78,RV3446I,ExecutiveClass,DEMORADO
741,Rozanna,Lamers,42272.34,VR0504B,EconomyClass,DEMORADO
742,Cristy,Lydden,68751.69,EQ5235B,ExecutiveClass,DEMORADO
743,Hanny,Gepp,42063.66,FK3481V,ExecutiveClass,ATERRIZADO
744,Susannah,Taft,21540.23,XX5669W,EconomyClass,EN VUELO
745,Gauthier,Leithgoe,93046.61,CM8342R,FirstClass,EN VUELO
746,Hadria,Sweetland,96793.02,JI3987U,ExecutiveClass,EN HORARIO
747,Skippie,Giacopini,23241.12,LU0332V,EconomyClass,ATERRIZADO
748,Ralph,Stoffler,21893.08,SQ9543J,FirstClass,ATERRIZADO
749,Riane,Hemmingway,54757.13,ZD0766R,EconomyClass,EN VUELO
750,Wright,Napoli,15596.81,SH6379D,FirstClass,DEMORADO
751,Sutherland,Sheere,86665.7,SM3485S,ExecutiveClass,DEMORADO
752,Wendi,Southam,32595.89,PF6536W,FirstClass,EN HORARIO
753,Valerie,Dunlap,54883.66,OA9494D,EconomyClass,ATERRIZADO
754,Hyacinthie,Licquorish,88672.22,LK8339L,FirstClass,ATERRIZADO
755,Nathanial,Conradsen,65863.35,PT1083Z,ExecutiveClass,EN VUELO
756,Rheta,Delamere,14022.31,BB2622V,ExecutiveClass,EN VUELO
757,Tommie,Wegenen,59004.24,EG5603Y,FirstClass,ATERRIZADO
758,Roger,Linggard,86596.22,RQ7101M,FirstClass,EN HORARIO
759,Mikey,Cleare,67444.14,QH7818P,FirstClass,EN HORARIO
760,Felice,Sexcey,20785.58,MO6655E,FirstClass,EN HORARIO
761,Hilario,Showell,84825.82,KV0921S,FirstClass,EN HORARIO
762,Adel,Beharrell,62002.49,IU2733Z,ExecutiveClass,ATERRIZADO
763,Joeann,Kidd,52491.99,HH1723H,EconomyClass,ATERRIZADO
764,Pavla,Pretious,13701.57,GF5302E,ExecutiveClass,ATERRIZADO
765,Conchita,Banstead,42895.11,FK8642Z,FirstClass,ATERRIZADO
766,Lorrayne,Frenzel
767,Griffy,Glencross,49777.06,YM0192P,FirstClass,EN VUELO
768,Alyson,Comben,84890.05,TU6703U,EconomyClass,EN VUELO
769,Isak,Reilly,27389.67,FE7759L,EconomyClass,DEMORADO
770,Leslie,Rosenthal,30408.89,WM7140C,ExecutiveClass,DEMORADO
771,Josepha,Everal,89500.11,OS3947S,ExecutiveClass,ATERRIZADO
772,Trista,Bavage,56699.4,MX3270F,FirstClass,DEMORADO
773,Myrle,Ellerby,23145.8,SA9378O,FirstClass,DEMORADO
774,Mathilda,Sayse,75767.99,JT9815Q,FirstClass,ATERRIZADO
775,Farlay,Cunniffe,20734.33,QO0845G,EconomyClass,EN HORARIO
776,Andeee,Mannix,59365.97,OT6851E,ExecutiveClass,DEMORADO
777,Mary,Duiguid,65222.48,KC9381F,EconomyClass,DEMORADO
778,Blanche,Vasilkov,64622.59,YZ4722Y,FirstClass,EN HORARIO
779,Mechelle,Trodden,62943.03,NA4312E,FirstClass,EN VUELO
780,Lindsey,Pound,73441.85,GX0547O,EconomyClass,EN VUELO
781,Sascha,Haimes,10708.9,ED4805Y,EconomyClass,DEMORADO
782,Quinn,Oxtiby,95815.11,JZ4704L,EconomyClass,EN HORARIO
783,Deeanne,Munkton,90216.76,ZT4068I,ExecutiveClass,ATERRIZADO
784,Naoma,Breitling,14587.45,VE5494N,EconomyClass,ATERRIZADO
785,Cordie,Aguilar,18847.25,SG5730M,ExecutiveClass,EN HORARIO
786,Konstance,Peace,25326.1,WA6030N,ExecutiveClass,DEMORADO
787,Beilul,Guittet,77886.83,UG4021W,EconomyClass,EN HORARIO
788,Raven,Pactat,58925.38,DF7740D,ExecutiveClass,EN VUELO
789,Gwenore,De Hoogh,93385.28,NE5976W,ExecutiveClass,ATERRIZADO
790,Barnabe,Isaacs,65258.04,OJ3878L,FirstClass,ATERRIZADO
791,Warde,Braywood,15014.22,VJ0259U,FirstClass,EN VUELO
792,Kirbee,Richten,8931.09,AT3607U,FirstClass,EN VUELO
793,Travers,Christofol,89515.7,CF9066D,EconomyClass,ATERRIZADO
794,Rudyard,Pizey,64796.82,KE4841W,EconomyClass,ATERRIZADO
795,Duffie,Rulf,34842.8,WM5731K,EconomyClass,ATERRIZADO
796,Matty,Eustice,29330.66,JL7063Z,ExecutiveClass,ATERRIZADO
797,Emlyn,Weightman,76349.05,OJ6049N,EconomyClass,DEMORADO
798,Mathias,Gaffer,11396.72,BS9245D,EconomyClass,EN HORARIO
799,Kasper,Hazeldine,89096.31,GU2778J,EconomyClass,EN VUELO
800,Phillie,Pardi,41000.37,YR8054L,FirstClass,EN HORARIO
801,Inesita,Taunton.,74048.01,UN0154X,ExecutiveClass,DEMORADO
802,Caritta,Hearon,22344.24,JG8731Y,EconomyClass,EN VUELO
803,Ervin,Thackham,93310.73,QK9392U,ExecutiveClass,EN HORARIO
804,Shirley,Learoyde,31206.75,RM3064X,ExecutiveClass,EN VUELO
805,Lorettalorna,Ryman,50759.96,SD2053M,EconomyClass,EN HORARIO
806,Clifford,Paye,24736.69,LX5682Q,ExecutiveClass,DEMORADO
807,Sena,Caldero,36528.19,SL6470N,ExecutiveClass,ATERRIZADO
808,Lonee,Harrison,38262.27,VB6931X,EconomyClass,EN HORARIO
809,Preston,McRill,38027.62,WJ1583X,EconomyClass,EN HORARIO
810,Nefen,Hucknall,55438.12,YQ1770L,FirstClass,DEMORADO
811,Ario,Dechelette,85999.71,UZ7014N,ExecutiveClass,ATERRIZADO
812,Esme,Sharpous,23686.34,OH4890P,ExecutiveClass,EN VUELO
813,Annadiane,Mercey,38403.74,IP9369L,EconomyClass,EN HORARIO
814,Ansley,Bissett,68098.69,LG4552Q,EconomyClass,DEMORADO
815,Mort,Backe,53865.99,IO8761X,ExecutiveClass,EN HORARIO
816,Charita,Kenforth,65603.18,LA0592N,FirstClass,EN HORARIO
817,Shir,Parram,79836.55,MV9688T,FirstClass,EN HORARIO
818,Onfre,Spinozzi,92075.9,RK2877D,EconomyClass,DEMORADO
819,Brittany,Yarnton,84161.81,PX5583E,ExecutiveClass,ATERRIZADO
820,Stacey,Winterflood,24737.82,TA6896C,ExecutiveClass,EN HORARIO
821,Stacy,Neward,30432.47,EN8389M,EconomyClass,DEMORADO
822,Suki,Botten,68046.81,HJ0304G,EconomyClass,DEMORADO
823,Christalle,McCrae,94489.0,AD3632I,ExecutiveClass,DEMORADO
824,Sarina,Sirl,10688.89,KA2742D,EconomyClass,EN HORARIO
825,Frannie,Pinkney,54947.96,CD0311I,EconomyClass,DEMORADO
826,Mamie,Woolner,96883.62,FW7210F,FirstClass,EN VUELO
827,Roi,Stutard,14706.86,XT6144Y,EconomyClass,DEMORADO
828,Rennie,Yarnall,77374.71,UT3931J,ExecutiveClass,EN HORARIO
829,Maybelle,Slisby,55501.54,QP6466S,FirstClass,DEMORADO
830,Patrica,Merrilees,99840.76,VU5444F,FirstClass,ATERRIZADO
831,Armstrong,Gian,12961.6,SL8548F,FirstClass,EN VUELO
832,Peirce,Barenski,72894.99,WK7322Q,FirstClass,EN VUELO
833,Carlyn,Treasure,86145.52,IV3460S,EconomyClass,ATERRIZADO
834,Deerdre,MacNeillie,22274.09,QZ0712Q,ExecutiveClass,EN HORARIO
835,Andris,Woodyatt,49435.38,VE8180E,EconomyClass,EN VUELO
836,Floyd,Jeskin,36367.03,CC2355B,ExecutiveClass,ATERRIZADO
837,Izaak,Dewick,93565.36,BH0763R,FirstClass,ATERRIZADO
838,Gregorius,Galfour,32793.53,UB7822S,EconomyClass,DEMORADO
839,Quinlan,Ilchuk,32379.72,BT6307M,ExecutiveClass,EN VUELO
840,Sergio,Sandercroft,30158.91,TL8282R,ExecutiveClass,EN HORARIO
841,Jocelin,Bohlsen,87111.75,TJ3372W,ExecutiveClass,EN VUELO
842,Cyndy,Bodocs,92124.37,IB0996R,ExecutiveClass,EN HORARIO
843,Kally,Bourthouloume,61000.32,AA6895C,EconomyClass,EN VUELO
844,Mario,Piddle,47606.98,NS0165M,ExecutiveClass,ATERRIZADO
845,Lynn,Lyver,8233.2,UM8895Z,ExecutiveClass,EN HORARIO
846,Hilario,Polson,29874.81,AH8887S,FirstClass,EN VUELO
847,Matilde,Canniffe,77683.26,VH5689R,ExecutiveClass,ATERRIZADO
848,Corbett,Saxton,75511.47,GL6842I,ExecutiveClass,DEMORADO
849,Palm,Olek,70314.57,NS7787K,EconomyClass,EN VUELO
850,Con,Pohling,95674.55,YQ6193X,ExecutiveClass,EN HORARIO
851,Dulci,Bugge,33414.25,YM4660D,FirstClass,EN HORARIO
852,Hubert,Olle,74374.56,FV7663T,ExecutiveClass,EN VUELO
853,Amery,Cunningham,71023.67,ZP6352M,FirstClass,EN VUELO
854,Rogers,Bodicam,93820.41,TD5472U,ExecutiveClass,DEMORADO
855,Orly,Vasyanin,97795.81,TP6488G,ExecutiveClass,EN HORARIO
856,Jae,Challin,98766.18,CE9115O,FirstClass,EN HORARIO
857,Monty,Footer,22114.18,KI9113R,FirstClass,DEMORADO
858,Rockwell,Murrhaupt,65717.78,BX7250P,FirstClass,ATERRIZADO
859,Jessa,Flewett,71875.77,JN3137J,EconomyClass,ATERRIZADO
860,Caralie,Songer,16986.11,DN6866D,FirstClass,EN HORARIO
861,Adrian,Schutt,19292.58,WJ4712D,EconomyClass,EN VUELO
862,Darryl,Karchewski,72448.12,GO7506B,ExecutiveClass,EN HORARIO
863,Frasier,Gillon,49869.39,PP9137R,ExecutiveClass,ATERRIZADO
864,Oswell,Lillie,52263.12,VE7484Z,EconomyClass,ATERRIZADO
865,Rivi,Penzer,25383.01,QG2711H,FirstClass,EN HORARIO
866,Reyna,Van Der Weedenburg,98889.11,RX5304D,ExecutiveClass,ATERRIZADO
867,Annadiane,Terne,40464.58,MD0273W,ExecutiveClass,DEMORADO
868,Matilde,Denisevich,38961.99,XU9955G,ExecutiveClass,EN VUELO
869,Jocelyne,Treadger,29407.5,ND5032B,EconomyClass,EN VUELO
870,Marcellina,Haselwood,32886.89,HV7632W,FirstClass,ATERRIZADO
871,Billie,Vernham,30326.46,JC4702L,EconomyClass,DEMORADO
872,Liuka,Messruther,7667.72,LO6396W,ExecutiveClass,DEMORADO
873,Wayne,Mendes,86139.52,AU9312H,ExecutiveClass,ATERRIZADO
874,Ofelia,Eddison,16424.05,QU6027D,EconomyClass,ATERRIZADO
875,Abram,Andreoletti,49766.03,UE7190U,FirstClass,DEMORADO
876,Piotr,Lampkin,92238.1,KZ0512L,FirstClass,DEMORADO
877,Ardra,Brodeur,77130.88,KF4911S,ExecutiveClass,DEMORADO
878,Niels,Pearcehouse,72488.6,LV0727C,FirstClass,EN VUELO
879,Melodee,Gyurkovics,26935.55,SA2164U,ExecutiveClass,EN VUELO
880,Christel,Isack,86026.64,KQ1679A,ExecutiveClass,EN VUELO
881,Minni,Markham,22197.06,PV0166W,EconomyClass,EN VUELO
882,Sven,Kloisner,33444.93,GP1463T,EconomyClass,ATERRIZADO
883,Ransell,Yeiles,77826.81,MA1765W,ExecutiveClass,EN VUELO
884,Justinn,Bremond,7655.01,CT3897V,ExecutiveClass,ATERRIZADO
885,Irita,Simone,16213.59,GY7238M,ExecutiveClass,DEMORADO
886,Korey,Mussotti,7751.49,XT9056A,ExecutiveClass,EN VUELO
887,Shay,Jowitt,43315.39,NT6848L,FirstClass,EN VUELO
888,Kellsie,Wimbush,18947.83,JN5781Q,FirstClass,EN VUELO
889,Desmund,Deverose,7199.63,NQ4968E,FirstClass,EN HORARIO
890,Hurleigh,Abadam,26556.51,CE7913B,EconomyClass,DEMORADO
891,Lynn,Wiggett,87006.24,CF9406W,EconomyClass,EN VUELO
892,Addie,Stentiford,94971.13,GO8337N,FirstClass,ATERRIZADO
893,Liliane,Feild,6196.26,UX0775E,ExecutiveClass,EN VUELO
894,Rosy,Hartin,63034.33,ME1161L,ExecutiveClass,EN VUELO
895,Brewer,Aleksich,20923.4,CW6278Y,ExecutiveClass,ATERRIZADO
896,Kenn,Surphliss,69001.67,RM8947Q,FirstClass,EN HORARIO
897,Ashleigh,Rennox,30235.15,XI6856C,EconomyClass,DEMORADO
898,Arleyne,Orto,84046.87,UY9149F,EconomyClass,EN VUELO
899,Amalie,Vanderson,27857.62,MU6228M,ExecutiveClass,DEMORADO
900,Care,Auletta,51059.41,GU0783X,EconomyClass,DEMORADO
901,Mace,Bartosik,44876.77,BW8473I,EconomyClass,EN HORARIO
902,Anica,Massenhove,76720.44,ZO7301A,EconomyClass,DEMORADO
903,Eberhard,Lawlee,88123.92,DA5843R,EconomyClass,ATERRIZADO
904,Gare,Suffield,15712.14,RR7522A,EconomyClass,DEMORADO
905,Lizzy,Grattan,65808.52,BW7006J,ExecutiveClass,DEMORADO
906,Jeana,Lamond,82865.85,IH5497A,ExecutiveClass,EN VUELO
907,Lizbeth,McGreay,67611.51,FN2714P,FirstClass,EN VUELO
908,Dennis,Petruska,93535.7,BU3193T,ExecutiveClass,EN VUELO
909,Alick,Grist,91690.79,EU5666T,ExecutiveClass,EN HORARIO
910,Kally,Congram,72029.45,MB1692P,FirstClass,EN VUELO
911,Ursa,Schohier,21219.07,UF2765J,FirstClass,EN HORARIO
912,Izak,McCrackem,73472.97,SL9003Y,EconomyClass,ATERRIZADO
913,Petrina,Okill,26281.36,UF1631V,ExecutiveClass,EN VUELO
914,Caresse,Russen,48910.67,QE5749E,FirstClass,DEMORADO
915,Dyanna,Foyster,46591.95,QD8604W,ExecutiveClass,EN VUELO
916,Prudence,Kilalea,59160.79,LE0403P,ExecutiveClass,EN VUELO
917,Roxana,Rabbitts,81798.63,CL4926S,FirstClass,EN HORARIO
918,Brynn,St. Leger,94038.83,GJ1623D,FirstClass,ATERRIZADO
919,Sergio,Salzen,60788.3,HV9552F,EconomyClass,EN VUELO
920,Jerrome,Aldins,88619.84,YH0622V,EconomyClass,EN VUELO
921,Zaria,Harden,10334.87,HR1492K,ExecutiveClass,EN VUELO
922,Chalmers,Mewes,15417.63,GJ9931T,FirstClass,EN HORARIO
923,Bradford,Brando,9736.16,YT5479O,FirstClass,DEMORADO
924,Blinni,Pennycuick,25981.54,RH6859X,EconomyClass,DEMORADO
925,Frankie,Deakes,87945.8,CK5718A,FirstClass,ATERRIZADO
926,Sibelle,Trattles,83157.76,NZ5622M,ExecutiveClass,DEMORADO
927,Guglielma,Wolfer,39204.19,KC1873Q,EconomyClass,ATERRIZADO
928,Florri,Paintain,43007.88,SI2647H,FirstClass,EN HORARIO
929,Salvador,Mertsching,83759.13,AA8767O,FirstClass,EN HORARIO
930,Jacintha,Benyan,6794.36,FG6475B,ExecutiveClass,EN HORARIO
931,Cully,Cowlas,67446.26,YU8403U,FirstClass,EN HORARIO
932,Lucita,Tathacott,90735.58,TO2036B,ExecutiveClass,EN VUELO
933,Hagen,McGurgan,27823.63,LW7303T,EconomyClass,DEMORADO
934,Jerry,Djurisic,35541.01,YD9830U,EconomyClass,EN VUELO
935,Tiebold,Hulk,43978.2,MS1969F,EconomyClass,EN HORARIO
936,Etienne,Adamo,34846.76,NX1248O,ExecutiveClass,ATERRIZADO
937,Loree,McCollum,50134.02,FZ6363J,FirstClass,ATERRIZADO
938,Rolando,Kyndred,50067.01,MQ9749R,EconomyClass,EN VUELO
939,Aloysius,O'Fallowne,66680.68,SB8596J,ExecutiveClass,DEMORADO
940,Sheff,Fluger,87762.95,RU2674G,FirstClass,EN HORARIO
941,Gilda,Darbey,18485.79,IB8074F,FirstClass,DEMORADO
942,Pall,Pallin,26347.61,WU9480V,ExecutiveClass,EN VUELO
943,Johna,Nower,17416.55,KX2754A,EconomyClass,EN HORARIO
944,Jean,Joffe,61053.13,PU4468I,EconomyClass,DEMORADO
945,Fayre,Heggman,23902.06,QE4145U,ExecutiveClass,EN VUELO
946,Arch,Marzelli,6497.83,SY6290P,ExecutiveClass,EN VUELO
947,Claire,Playdon,78895.94,BI2143O,FirstClass,EN HORARIO
948,Margaret,Jahnig,71796.53,MX3436P,ExecutiveClass,EN HORARIO
949,Les,Engel,68243.28,GW2104W,FirstClass,DEMORADO
950,Saudra,Gillies,61442.12,YV6621V,FirstClass,ATERRIZADO
951,Bianka,Tockell,37847.72,CS8027N,FirstClass,ATERRIZADO
952,Tiertza,Buckell,70122.7,WY9045O,FirstClass,EN HORARIO
953,Rosy,Stanlake,80160.73,JK2365N,FirstClass,DEMORADO
954,Thibaud,Nesfield,76334.52,WJ9366V,ExecutiveClass,ATERRIZADO
955,Kristin,Coraini,48418.9,LB0520V,ExecutiveClass,EN VUELO
956,Rachael,Collie,28914.54,CH8189O,ExecutiveClass,EN VUELO
957,Samaria,Cranstone,10470.51,XI3470J,ExecutiveClass,EN VUELO
958,Hubert,Houltham,99496.76,RO6921R,EconomyClass,EN HORARIO
959,Hugues,Grenshiels,53670.74,DT4464C,FirstClass,EN HORARIO
960,Missy,Hatfull,37905.69,SW9133N,FirstClass,ATERRIZADO
961,Fannie,Wittering,54950.96,GF6356R,ExecutiveClass,EN HORARIO
962,April,Jolliman,33971.36,OS2136E,FirstClass,DEMORADO
963,Frederick,Quirke,81389.24,RC4702P,EconomyClass,DEMORADO
964,Niels,Lambdin,82218.88,QY4452J,EconomyClass,ATERRIZADO
965,Olav,Sans,66254.51,WS6027K,EconomyClass,EN VUELO
966,Germaine,Jahnig,24391.14,XU3002X,EconomyClass,EN VUELO
967,Heida,Robun,67078.97,NA2465B,FirstClass,DEMORADO
968,Nate,Vosper,64726.78,YI0216E,FirstClass,DEMORADO
969,Sandy,Bound,49875.14,XT3435S,FirstClass,ATERRIZADO
970,Elnore,Maffioletti,9983.2,ZD9134P,ExecutiveClass,DEMORADO
971,Verne,Ancliffe,24406.91,UG9466H,FirstClass,ATERRIZADO
972,Dawn,Parradye,82542.98,UP6425Q,ExecutiveClass,EN VUELO
973,Colan,Braisted,11995.27,CI8384N,EconomyClass,EN VUELO
974,Tamra,Tarborn,89134.56,JX4973X,EconomyClass,DEMORADO
975,Luella,Lacey,17635.92,WF6449U,ExecutiveClass,DEMORADO
976,Ban,Ashworth,60712.49,DO0695W,FirstClass,ATERRIZADO
977,Gregory,Stanmore,36162.41,EY5612J,EconomyClass,EN HORARIO
978,Kacie,Bairnsfather,71706.64,QZ9887K,FirstClass,ATERRIZADO
979,Eduino,Trenouth,82077.26,NK5752T,EconomyClass,EN VUELO
980,Mady,Pellman,29968.42,KT4471A,FirstClass,ATERRIZADO
981,Matelda,Jedrzaszkiewicz,60153.09,ED3645D,FirstClass,EN HORARIO
982,Stan,Eagan,46891.45,SD2441D,ExecutiveClass,DEMORADO
983,Mortimer,Scruby,21621.45,KW3592Z,ExecutiveClass,ATERRIZADO
984,Ervin,Wheeliker,87064.75,ZY6708T,FirstClass,EN VUELO
985,Jareb,Issac,55350.06,RL4298V,FirstClass,ATERRIZADO
986,Lancelot,Simmonite,71564.16,UX3241F,EconomyClass,DEMORADO
987,Cirilo,Chetwin,95303.7,WQ0067Z,ExecutiveClass,EN HORARIO
988,Aland,Donner,79313.19,GO5899K,EconomyClass,DEMORADO
989,Carlina,Suston,56721.07,YW9414N,ExecutiveClass,EN HORARIO
990,Franny,Eastbury,80761.62,WI6442P,FirstClass,ATERRIZADO
991,Kelsy,Bartholat,32016.6,ZN3281M,ExecutiveClass,DEMORADO
992,Erick,Deere,17673.42,WV9490V,EconomyClass,DEMORADO
993,Nathan,Tonsley,80348.21,NB4905B,ExecutiveClass,EN HORARIO
994,Violetta,Lared,22807.19,KY0784D,ExecutiveClass,DEMORADO
995,Brnaby,Luberti,51525.51,YC0605B,ExecutiveClass,DEMORADO
996,Siward,Smale,99526.21,OB0223Z,FirstClass,EN VUELO
997,Aluino,Fedder,28285.98,WV5470Z,EconomyClass,ATERRIZADO
998,Haroun,Malicki,50057.49,LY3099C,FirstClass,EN VUELO
999,Biddie,Ulster,63554.01,GV2658H,EconomyClass,EN HORARIO
1000,Bobinette,Ghiotto,99635.05,BV8341L,ExecutiveClass,EN HORARIO
